fName;lName;position
Dyane;Starbucke;Civil Engineer
Elna;Toplis;Structural Analysis Engineer
Ulick;Bartleman;Environmental Specialist
Gradeigh;Apfelmann;Nurse
Dita;Girling;VP Accounting
Shaina;Forson;Chemical Engineer
Maurise;Yankishin;Desktop Support Technician
John;Murby;Senior Quality Engineer
Pippy;Dene;Environmental Specialist
Vern;Cureton;Geologist II
Jocelyne;Fishlee;Media Manager IV
Adela;Jones;Senior Editor
Carmelina;Fears;General Manager
Sondra;Borgne;Administrative Officer
Felicdad;De Zuani;Cost Accountant
Karoline;Biddiss;Graphic Designer
Geneva;Carek;Biostatistician III
Camilla;Burdis;Geological Engineer
Rochell;Please;Staff Scientist
Teddy;Clousley;Product Engineer
Tania;Trapp;Paralegal
Willi;Diggle;Senior Quality Engineer
Gwenneth;Meadows;Information Systems Manager
Olwen;Lukianovich;Geologist III
Lorne;Trask;Mechanical Systems Engineer
Florette;Tarply;Quality Control Specialist
Samantha;McTeggart;Chief Design Engineer
Lay;Lyndon;Assistant Professor
Elianore;Beadle;Junior Executive
Philippe;Lesper;Nurse Practicioner
Theresina;Fullegar;Speech Pathologist
Gusta;Thecham;Programmer I
Kiri;Barrowcliffe;Assistant Manager
Rodrigo;Juarez;Geologist II
Felicia;Crickmer;Help Desk Technician
Jennifer;Weatherup;Civil Engineer
Emelyne;Ledstone;Help Desk Technician
Dania;Collaton;Environmental Tech
Madelene;Wreakes;Paralegal
Bambie;Oels;VP Product Management
Dukey;Bartoshevich;Developer III
Chad;Byrne;Office Assistant II
Marlena;Bertlin;VP Product Management
Adelice;Monkman;Occupational Therapist
Harmonia;Giannotti;Marketing Manager
Pamela;Guyet;Nurse Practicioner
Giustino;Dowle;Account Executive
Iolande;Terrett;Quality Control Specialist
Merrile;Curro;Clinical Specialist
Bibi;Burdon;Analog Circuit Design manager
Cyrille;Brewin;Programmer Analyst IV
Dasi;Dresser;Data Coordiator
Sam;Alexsandrowicz;Senior Sales Associate
Kaile;Grestye;Electrical Engineer
Mariam;Alliot;Professor
Gordan;Lammerich;Staff Accountant I
Dionisio;Bolesworth;Junior Executive
Adolphus;Cairns;Programmer II
Jesse;Ubee;Account Coordinator
Sutherlan;Williams;Legal Assistant
Caddric;Bleier;Nurse Practicioner
Sutherland;Inglesant;Actuary
Astra;Mowle;Statistician IV
Walker;Bartosek;Nurse Practicioner
Samson;Kun;VP Quality Control
Elwin;Bramstom;Paralegal
Shep;Pally;Physical Therapy Assistant
Janean;Rait;Senior Editor
Katherina;Nottram;Executive Secretary
Lisbeth;Crumbleholme;Librarian
Susanna;Pawley;Executive Secretary
Elva;Bescoby;Environmental Specialist
Erin;Arnell;Director of Sales
Nonnah;Bridgstock;Clinical Specialist
Genni;Winterbotham;Administrative Assistant IV
Kaycee;Coatts;Health Coach III
Tiebold;Lodin;Registered Nurse
Al;Wooton;Senior Cost Accountant
Giordano;Irving;Electrical Engineer
Mandi;Le land;VP Product Management
Nadya;McIlwaine;Financial Analyst
Gibbie;Scourfield;Nurse
Aileen;Glashby;Health Coach III
Arri;McDonell;VP Accounting
Wesley;Trewartha;Software Test Engineer I
Teressa;Sandiford;Help Desk Operator
Loretta;Jesson;Human Resources Assistant II
Perkin;Duesbury;Product Engineer
Ardella;Wayper;Financial Analyst
Sonnnie;Crisford;Geological Engineer
Alexandro;Bowser;Account Representative III
Muhammad;Tolmie;Help Desk Operator
Ariana;Arnopp;Legal Assistant
Ivor;Capell;Senior Sales Associate
Prince;MacIntyre;Director of Sales
Ailyn;Toffoletto;Director of Sales
Ardyce;Greenhalf;Developer IV
Rollie;Kinnock;Statistician II
Esther;Tourry;Associate Professor
Leodora;Deeley;Data Coordiator
Suzann;Ainslee;Teacher
Arnaldo;Hanbury;Sales Associate
Reagan;Girardi;Senior Developer
Jabez;Penniall;Food Chemist
Torry;Peto;Nurse Practicioner
Doria;Hammer;GIS Technical Architect
Catherina;Bedell;Structural Analysis Engineer
Arlena;Mingo;Chief Design Engineer
Wilden;Kivlehan;Payment Adjustment Coordinator
Gabie;Greenleaf;Database Administrator IV
Norah;Jelfs;VP Sales
Lori;Lavallin;Help Desk Technician
Delora;Dogg;Nuclear Power Engineer
Odell;Linn;General Manager
Orlando;MacCorkell;Account Representative IV
Vernice;Spier;VP Accounting
Gerry;Emney;Mechanical Systems Engineer
Marian;Giddens;Design Engineer
Lanie;Blundan;VP Sales
Catriona;Luisetti;Account Coordinator
Deanne;Karel;Information Systems Manager
Ravi;Surmeir;Director of Sales
Ives;Denington;Accounting Assistant I
Tyson;Fuzzens;Office Assistant IV
Orton;Cheley;Community Outreach Specialist
Corene;Adelman;Administrative Assistant IV
Karlan;Cawsby;Account Representative IV
Tim;Winnister;Senior Editor
Alexandro;Campo;Physical Therapy Assistant
Nanine;Shenton;Business Systems Development Analyst
Marj;Meacher;Food Chemist
Bertine;Robb;Accountant IV
Damon;Sabater;Civil Engineer
Elmore;Gut;Account Executive
Carlita;Rummins;Structural Engineer
Lin;Faulkner;Teacher
Andriette;Grigorushkin;Sales Associate
Millard;Dallaway;Senior Developer
Yvette;Hamblett;Senior Developer
Reinold;Death;Nuclear Power Engineer
Mile;Bettinson;Analog Circuit Design manager
Erinn;Bletsor;Chemical Engineer
Traci;Scoular;Senior Cost Accountant
Sandor;McKeaveney;Research Assistant II
Sergio;Scurry;Senior Editor
Gwenette;Brixey;Financial Advisor
Charlean;Twigg;Marketing Assistant
Gavin;Smythin;Health Coach I
Gayle;Blazy;Professor
Berny;Czyz;Professor
Ellwood;Quimby;Technical Writer
Drusy;Cosslett;Software Consultant
Gianni;Silvermann;Recruiting Manager
Tansy;Colthurst;Systems Administrator II
Shir;Biskupek;Senior Sales Associate
Hewitt;Alcott;Software Engineer IV
Wilbert;Heaker;Structural Analysis Engineer
Lauren;Oxlade;VP Quality Control
Marina;Wiggans;Sales Associate
Philip;Najera;Accountant I
Myranda;Lorimer;Engineer I
Ansell;Sacks;Senior Editor
Allard;Gligoraci;Developer IV
Junina;Urion;Actuary
Kalindi;Andreix;Electrical Engineer
Sherrie;Le Noury;Biostatistician II
Clarke;Wymer;Web Developer I
Enrico;Craighead;Assistant Media Planner
Delcina;Kelso;Developer III
Maxy;Crosher;Assistant Media Planner
Ardath;Salling;Compensation Analyst
Reynolds;Tinan;Project Manager
Chrystal;MacAndie;Human Resources Assistant IV
Nelia;Asee;Staff Scientist
Winfield;Leifer;Nurse
Sunny;Tarbet;Marketing Assistant
Hannie;Bootell;Administrative Assistant II
Angelia;Halgarth;Senior Developer
Nicolis;Salthouse;Pharmacist
Tandy;Corsan;Nuclear Power Engineer
Angelle;Huddlestone;Graphic Designer
Lilllie;Giovanni;Chief Design Engineer
Samson;Simak;Account Executive
Marlyn;McCrie;Financial Analyst
Jody;Greenrod;Design Engineer
Garald;Patriche;Speech Pathologist
Yorker;Girardet;Health Coach I
Kasper;Frome;VP Marketing
Gerhardt;Tousey;Media Manager III
Kathye;De Blasio;Help Desk Operator
Roosevelt;Massimi;Data Coordiator
Hatti;Physic;Biostatistician IV
Binny;Mogenot;Product Engineer
Else;Hewins;Mechanical Systems Engineer
Rickie;Beddow;Clinical Specialist
Rozella;Rispine;Help Desk Technician
Malachi;Sallowaye;Librarian
Mariellen;Chance;Web Developer IV
Charmaine;Limbert;Software Consultant
Kenn;Exon;Associate Professor
Tabbitha;Lillyman;Teacher
Ashil;Palfreman;GIS Technical Architect
Nonah;Flisher;Help Desk Operator
Munmro;Palffrey;Editor
Rafi;Reveley;Sales Representative
Ephrayim;Mozzi;Quality Engineer
Tudor;Tackle;VP Product Management
Cristobal;Late;Media Manager I
Hazel;Cristofano;Software Engineer II
Starlene;Heinemann;Business Systems Development Analyst
Elnar;Gambrell;Data Coordiator
Guido;Rosenfeld;Executive Secretary
Bram;Antonelli;Senior Quality Engineer
Becki;Reford;Nurse
Alejoa;Saller;Assistant Manager
Pablo;Belle;Civil Engineer
Jorey;Spybey;Engineer IV
Felice;Oldridge;VP Quality Control
Benetta;Davids;Health Coach IV
Lilith;Fenners;Statistician II
Daniele;Dedam;Sales Representative
Percy;Kusick;Human Resources Assistant III
Viki;Charrier;Senior Sales Associate
Whitaker;Cuckson;Software Consultant
Sholom;McKerton;Professor
Joelie;Naisbit;Mechanical Systems Engineer
Raimund;Oguz;Tax Accountant
Arni;Thornton;Statistician II
Letitia;Caldwell;Account Executive
Orville;Balsom;Research Nurse
Kalil;Capron;VP Sales
Maure;Wyllt;VP Sales
Fleurette;Early;Graphic Designer
Seka;Jakubowski;Web Developer III
Goldie;Grahamslaw;Staff Accountant III
Craggy;Akenhead;Occupational Therapist
Chrystal;Tinston;Speech Pathologist
Rosabella;Staves;Legal Assistant
Jessee;Boddam;Sales Associate
Kale;Provest;Programmer I
Heinrick;Ducket;Pharmacist
Ailyn;Ellerby;Assistant Professor
Wade;Pembridge;Chief Design Engineer
Winona;Richardt;Occupational Therapist
Waring;Graser;Occupational Therapist
Tynan;Sands-Allan;Nuclear Power Engineer
Bo;Carthew;Account Executive
Trude;Woodham;Chief Design Engineer
Rhoda;Edgecumbe;Information Systems Manager
Lilla;Notton;Executive Secretary
Hobard;Harriott;Senior Financial Analyst
Neilla;Leate;Occupational Therapist
Rafaello;Percival;Occupational Therapist
Lyman;Maybey;Paralegal
Urbano;Birrel;Business Systems Development Analyst
Alis;Salthouse;Health Coach IV
Cyrus;Slader;Recruiter
Abrahan;Milburn;Legal Assistant
Ethelin;Scholfield;Design Engineer
Giulia;Van der Daal;Media Manager IV
Ashley;Ainscough;Mechanical Systems Engineer
Urbano;Avarne;Dental Hygienist
Chelsey;McDougal;Graphic Designer
Edmund;Beazey;Physical Therapy Assistant
Martynne;Winsborrow;Marketing Assistant
Janela;Woodvine;Paralegal
Thayne;Knowler;Health Coach II
Gamaliel;Cogswell;Structural Analysis Engineer
Jacquelin;Braiden;Speech Pathologist
Lucila;Gaskal;Internal Auditor
Waldon;Jaffa;Senior Sales Associate
Grant;Pero;Payment Adjustment Coordinator
Morey;Humber;Software Test Engineer IV
Calli;Vynoll;Human Resources Assistant I
Joey;Carroll;Senior Cost Accountant
Franny;Grigg;Payment Adjustment Coordinator
Zebedee;Sloey;Actuary
Didi;Gudgion;Research Associate
Lucilia;Hobgen;Biostatistician IV
Helaina;Botham;VP Product Management
Tabbie;Synnot;Chief Design Engineer
Clotilda;Matic;Accounting Assistant III
Danica;Miliffe;Cost Accountant
Arielle;Dyball;Software Consultant
Lauraine;Havick;Web Designer I
Ab;Moulin;Business Systems Development Analyst
Cordell;McDuall;Research Associate
Maurizio;Randalson;Accounting Assistant II
Arliene;Bleeze;Help Desk Operator
Meryl;Bonde;Senior Developer
Zach;Cooke;Accounting Assistant II
Madelle;Jaume;VP Sales
Ginny;Hunnam;Business Systems Development Analyst
Meagan;Tomlett;Assistant Manager
Gibby;Naisby;Software Test Engineer IV
Kipp;Prestige;Registered Nurse
Marwin;Bartlomiej;Account Coordinator
Kareem;Franz;Product Engineer
Tallie;de Wilde;GIS Technical Architect
Fredericka;McGahern;Administrative Assistant III
Hamid;Getty;Senior Editor
Caryl;Conws;Director of Sales
Geoffry;McGorley;Human Resources Manager
Elaine;Torrans;Graphic Designer
Ashly;Bastie;Operator
Barry;Trumpeter;Occupational Therapist
Susana;Kofax;Developer II
Andie;Lehenmann;Legal Assistant
Perry;Hinstock;Technical Writer
Marvin;Sheather;Cost Accountant
Mallorie;Scoates;VP Accounting
Spense;Shayler;Speech Pathologist
Garrett;Bockett;Nurse
Jeramie;Sandes;Human Resources Assistant IV
Jerrine;McMearty;Pharmacist
Brietta;Morewood;Information Systems Manager
Aurlie;Rainsbury;VP Marketing
Burl;Burnall;Actuary
Chad;Shawdforth;Programmer I
Kath;Aspinall;Project Manager
Cheslie;Langshaw;Assistant Professor
Honoria;Atchly;Assistant Manager
Idette;Towner;Operator
Nichole;Itskovitz;Account Executive
Hilde;Baldacchino;Research Associate
Zechariah;Feldstern;Help Desk Technician
Dmitri;Kelsey;Senior Sales Associate
Bendicty;Peter;Graphic Designer
Sauveur;Shovel;Nurse
Diarmid;Pasterfield;Administrative Officer
Oby;Waddam;Quality Engineer
Anne;Gaveltone;Project Manager
Yoko;Coom;Budget/Accounting Analyst I
Courtnay;Dublin;Environmental Specialist
Arlette;Maxwale;Assistant Media Planner
Barton;Bartkiewicz;Account Representative IV
Karlee;Marzele;Food Chemist
Sherlocke;Dunbabin;Physical Therapy Assistant
Evan;Pairpoint;Web Designer III
Gunther;Kerrigan;Recruiting Manager
Phebe;Simonett;Environmental Specialist
Stanford;Gaddes;Senior Editor
Garwin;Sands;Human Resources Manager
Meriel;Harnell;Software Test Engineer I
Meggy;Ferraretto;Accountant I
Frederica;Groome;Civil Engineer
Siana;Tullett;Senior Cost Accountant
Abe;Abrahmson;Chief Design Engineer
Elianora;Iuorio;Staff Scientist
Olive;Wethered;Geological Engineer
Tami;Kryska;Assistant Professor
Bink;Wainwright;Geologist III
Humfried;Cooksley;Account Representative III
Laurens;Barlas;Desktop Support Technician
Ansell;Vigneron;VP Quality Control
Chrissy;Rallings;Nurse Practicioner
Rene;Garbett;Research Associate
Lancelot;Ellissen;Tax Accountant
Nat;Switland;Project Manager
Adele;Fitzjohn;Analyst Programmer
Myron;Egell;Senior Editor
Kimmy;Ducarel;Staff Accountant IV
Rani;Roadnight;Senior Cost Accountant
Dulcine;Castano;Chief Design Engineer
Sharleen;Gainsboro;Administrative Officer
Northrop;Totman;Software Test Engineer III
Domeniga;Gorner;Clinical Specialist
Kristos;Brik;Software Test Engineer I
Eva;Mossbee;Research Nurse
Arleyne;Fere;Health Coach II
Baron;Brusle;Librarian
Benson;Fayerman;Database Administrator III
Sly;Finneran;Developer III
Herta;Quartley;Payment Adjustment Coordinator
Siana;Drews;Professor
Cassey;Jindacek;Mechanical Systems Engineer
Allina;Iskower;Actuary
Darrin;Manass;Marketing Assistant
Grethel;Ubee;Physical Therapy Assistant
Bobine;Wiggins;Computer Systems Analyst III
Arielle;De Vere;Teacher
Cirillo;Westerman;Product Engineer
Basilius;Kubiczek;Analyst Programmer
Cammy;Morby;Senior Editor
Ethelbert;Scogings;Nurse Practicioner
Christan;Chander;Teacher
Orlando;Soares;Clinical Specialist
Alidia;Chapellow;Software Test Engineer I
Garth;Sharphouse;Nuclear Power Engineer
Rozanna;Coulston;Information Systems Manager
Mikkel;Pettinger;Professor
Natividad;Denekamp;Geologist I
Karilynn;Kabsch;Quality Engineer
Cynthia;McCrory;Senior Editor
Rici;Wraighte;Editor
Lorinda;Calrow;Technical Writer
Tod;Lamberto;Physical Therapy Assistant
Darren;Duffit;Compensation Analyst
Rowen;Snoxall;Financial Analyst
Caril;Kaman;Staff Accountant III
Douglass;Petrello;Nurse Practicioner
Shelby;Sorrel;Environmental Tech
Brendis;Hofer;Teacher
Asher;Klos;Quality Engineer
Norean;Core;Structural Engineer
Mira;Rabjohn;Senior Editor
Jackson;Birney;Account Representative II
Wood;Sainte Paul;Dental Hygienist
Carrie;Noweak;Occupational Therapist
Audrie;Dowthwaite;Financial Analyst
Ilaire;Ambrus;GIS Technical Architect
Bunnie;Hawsby;Senior Editor
Annnora;Decker;Biostatistician IV
Marja;Pimlott;Senior Quality Engineer
Fields;Brusby;Electrical Engineer
Blinny;Ripping;VP Product Management
Fayina;Hoofe;Senior Editor
Donal;Gonnard;Physical Therapy Assistant
Roy;Fieldsend;VP Marketing
Ev;Taveriner;Marketing Assistant
Jeri;Raynham;Legal Assistant
Ann;Lowdwell;Software Engineer IV
Corty;Bedenham;Nurse
Hakeem;Wilden;Graphic Designer
Clemmy;Hubback;Technical Writer
Adina;Twinborne;Database Administrator I
Araldo;Rudiger;Cost Accountant
Rayner;Goligly;Product Engineer
Graehme;Edensor;Community Outreach Specialist
Ynez;Vinsen;Project Manager
Raye;Crumbleholme;Data Coordiator
Ringo;Janssen;Professor
Alessandro;Sigsworth;Food Chemist
Brocky;Maskill;Environmental Specialist
Innis;Abbiss;Media Manager I
Kathi;Dominetti;Structural Engineer
Sutherlan;Canon;Office Assistant I
Doretta;McClelland;Technical Writer
Bar;Balm;Engineer IV
Jaquelin;Willshere;Paralegal
Elfrieda;Danick;Analyst Programmer
Perry;Nunnerley;Human Resources Assistant II
Jourdan;Easson;Director of Sales
Gates;Fairhead;Automation Specialist I
Noah;Redmore;Payment Adjustment Coordinator
Crystie;Hritzko;Graphic Designer
Adele;McKeurton;Assistant Manager
Gabby;Belleny;Executive Secretary
Rebekah;Bulled;Senior Financial Analyst
Holli;Ochterlonie;Research Nurse
Cleon;Abelovitz;Senior Cost Accountant
Fawnia;Beggini;Product Engineer
Far;Turbill;Compensation Analyst
Evvy;Bernardy;VP Product Management
Cull;Ash;Help Desk Technician
Stormy;Rowan;Sales Associate
Lenci;Garatty;Project Manager
Clarette;Walczynski;Mechanical Systems Engineer
Felicia;Conrad;Statistician II
Sloan;Ahrend;Paralegal
Kellsie;Inglese;Safety Technician I
Antonin;Ades;Software Consultant
Damiano;Gowdridge;Accounting Assistant I
Vivi;Wedlake;Structural Engineer
Daryle;Capaldo;Director of Sales
Bendick;Nind;VP Marketing
Arline;Hassent;Dental Hygienist
Andras;Killgus;Quality Engineer
Pebrook;Orts;Staff Accountant I
Reggi;Bambridge;VP Marketing
Reta;Hayden;Staff Accountant IV
Corene;Boycott;Automation Specialist IV
Scotty;Wessing;Staff Accountant III
Nataline;Poskitt;Assistant Professor
Edouard;Rehor;Research Associate
Steward;Foxall;Product Engineer
Yuri;Conochie;Electrical Engineer
Rosene;McFaell;Financial Analyst
Vittoria;Dudney;Food Chemist
Gunner;Wims;Quality Control Specialist
Coletta;Landes;Financial Analyst
Kylie;Domone;Human Resources Manager
Dicky;Cridland;Assistant Media Planner
Derril;Boutellier;Speech Pathologist
Zea;Dell;Mechanical Systems Engineer
Horatia;Dineen;Registered Nurse
Richie;Lemary;Environmental Specialist
Miriam;Speake;Assistant Manager
Dore;Claypool;Editor
Amelie;Tallon;Community Outreach Specialist
Wilow;Vanshin;Physical Therapy Assistant
Yul;Bilovsky;Senior Financial Analyst
Noak;Rawstorn;Research Associate
Boris;Lockwood;Research Assistant I
Reba;Bertrand;VP Accounting
Rutherford;Center;Software Test Engineer IV
Munroe;Chaloner;Registered Nurse
Torr;Fairhurst;Software Engineer IV
Genovera;Fines;Analyst Programmer
Lorianna;Gradon;Teacher
Kaylil;Zmitrovich;Recruiter
Farly;Christene;Product Engineer
Benjamin;Tonsley;Account Representative IV
Wallis;Kingett;Senior Editor
Erna;Snashall;Payment Adjustment Coordinator
Fowler;Janoch;Mechanical Systems Engineer
Merrel;Gooch;Marketing Assistant
Marika;Mac Giany;Chief Design Engineer
Carmine;Messenger;Research Assistant IV
Elizabet;Spohr;Structural Analysis Engineer
Susan;Dryden;Senior Sales Associate
Sharline;Reuben;Senior Cost Accountant
Eberto;Estcot;Administrative Assistant II
Ancell;Flaverty;Office Assistant I
Wade;Attridge;Database Administrator II
Kean;Steketee;Senior Quality Engineer
Almeda;Caroline;Help Desk Technician
Rhiamon;Fernan;Senior Sales Associate
Regina;Rapp;Sales Representative
Franny;Barkess;Payment Adjustment Coordinator
Salvatore;Tonner;Research Associate
Chip;Hamblett;Senior Sales Associate
Madeline;Brayne;Registered Nurse
Wallis;Hew;Junior Executive
Elisha;Carryer;Geological Engineer
Elana;Gabrieli;Account Executive
Dede;Lenham;Speech Pathologist
Ty;Ugoni;Software Consultant
Enos;Ive;Compensation Analyst
Leroi;Quakley;Speech Pathologist
Fidelity;Edwick;Structural Analysis Engineer
Elvyn;Freezor;Occupational Therapist
Spencer;Danielsson;VP Sales
Abba;Mattinson;Mechanical Systems Engineer
Felice;Maso;Electrical Engineer
Gwendolyn;Privost;Safety Technician III
Yancy;Stickels;VP Quality Control
Welby;Karlsson;Analyst Programmer
Skyler;Vidyapin;Marketing Manager
Thebault;Frake;Nuclear Power Engineer
Abagael;Dodge;Geologist I
Xylina;Heinsius;VP Product Management
Pauly;Leaves;Civil Engineer
Mitchell;Magne;Accounting Assistant II
Charlotta;Francais;Desktop Support Technician
Kristoffer;Sunderland;Pharmacist
Lammond;Bodimeade;Environmental Specialist
Hunfredo;Uren;Nuclear Power Engineer
Saxon;Cammell;Community Outreach Specialist
Tuckie;Gumm;Nurse
Vivyanne;Hayman;Assistant Professor
Minnaminnie;FitzGibbon;Database Administrator I
Grant;Bernardt;Actuary
Hyman;Joust;Senior Cost Accountant
Kimberli;Aps;General Manager
Cornie;Eburah;Web Developer IV
Lia;Cinelli;Marketing Manager
Romona;Thulborn;Geological Engineer
Ardra;Hellwich;Human Resources Manager
Maureene;Segge;Pharmacist
Krista;Bridge;Civil Engineer
Bernadine;Sussans;Information Systems Manager
Jarrad;Onele;Human Resources Manager
Timmy;Aggett;Developer IV
Letizia;Matuszinski;Office Assistant II
Deck;Houdmont;Quality Control Specialist
Roseline;Dawes;Cost Accountant
Rog;Rippingall;Operator
Jane;Skamell;Staff Accountant II
Nikoletta;Shackleton;Account Coordinator
Latrina;Tidridge;Biostatistician I
Mathew;Keaves;Help Desk Operator
Rochester;Reddie;Help Desk Operator
Northrup;Vatcher;Assistant Manager
Marwin;Mohring;Senior Cost Accountant
Constantine;Middle;Product Engineer
Lon;Meany;Web Developer I
Davin;Scarlin;VP Product Management
Mari;Hasely;Senior Financial Analyst
Jarrod;Tolotti;Administrative Assistant III
Lenci;Ortet;VP Marketing
Lona;Clymo;Actuary
Norman;Crossthwaite;Accountant I
Minette;Merington;Internal Auditor
Petrina;Aspray;GIS Technical Architect
Vanya;Philippe;Nurse
Gareth;Devers;Physical Therapy Assistant
Anabel;Gras;Systems Administrator IV
Blair;Reinhardt;GIS Technical Architect
Adrian;Craigg;Financial Analyst
Marshall;Ferre;Budget/Accounting Analyst I
Merry;Mumberson;Geologist IV
Curtice;Aizikov;General Manager
Nathanial;Grent;Computer Systems Analyst II
Krystal;Large;Research Associate
Thomas;Tarr;Graphic Designer
Edwin;Pursey;Recruiter
Rakel;Martignon;Physical Therapy Assistant
Conny;Fairrie;Research Assistant III
Ashil;Stive;Graphic Designer
Minda;Naisbitt;Web Developer I
Aaron;Liddell;Office Assistant I
Lemar;Camis;Structural Engineer
Davina;Herreran;Web Developer II
Lemmie;Conklin;Research Assistant III
Reggis;Keeves;Assistant Manager
Stanly;MacAndreis;VP Quality Control
Karrie;Kobieriecki;Administrative Assistant IV
Pascal;Warne;Research Associate
Haze;Aspin;VP Marketing
Clarke;Fasey;Staff Scientist
Shaine;Bowell;Help Desk Operator
Godart;Grunbaum;VP Quality Control
Banky;Masding;Biostatistician I
Evaleen;Gonnel;Computer Systems Analyst I
Carin;Havoc;Programmer IV
Germana;Newsham;Senior Editor
Chelsae;Lightwood;Software Consultant
Joell;Sturrock;Automation Specialist II
Taryn;Daniellot;Programmer I
Dane;Lawtey;General Manager
Rheta;Dionisii;Administrative Assistant II
Jeffie;Jirek;Business Systems Development Analyst
Jae;Costley;Senior Quality Engineer
Beau;Cribbin;Payment Adjustment Coordinator
Rainer;Gooke;Media Manager IV
Evin;Loachhead;Director of Sales
Connie;Nolte;VP Product Management
Timothea;Spratley;Tax Accountant
Eliza;Presdee;Senior Developer
Johanna;Lestor;Office Assistant III
Ogdon;Wakelin;Engineer I
Kendricks;Redler;Chemical Engineer
Ky;Tarply;Accounting Assistant II
Walton;Bent;Project Manager
Edmund;Villalta;Environmental Specialist
Ethe;Heustice;Help Desk Operator
Dareen;Philipp;Programmer Analyst III
Hermia;Pina;Developer III
Hugh;Matthensen;Recruiting Manager
Beryle;Cicccitti;Human Resources Manager
Nixie;Crang;Nurse
Carree;Leefe;Pharmacist
Loy;Tottie;Computer Systems Analyst II
Debera;Gamon;Design Engineer
Izaak;Arnaut;Project Manager
Lelah;Avieson;Physical Therapy Assistant
Loydie;Canto;Marketing Manager
Fons;Kerin;VP Product Management
Elbert;Farriar;Statistician IV
Robbie;Southard;Registered Nurse
Leeanne;Poytress;Payment Adjustment Coordinator
Taite;Nannoni;Physical Therapy Assistant
Sauveur;Aleswell;Quality Control Specialist
Sabina;Philpot;Software Consultant
Augusto;Seleway;Director of Sales
Viv;Ions;Sales Associate
Dynah;Corah;Technical Writer
Roderic;Poupard;Developer IV
Saunder;Izkovitch;Human Resources Manager
Brad;Physic;Editor
Cami;Althorp;Assistant Media Planner
Ingaborg;Crowley;Quality Control Specialist
Delcina;Cossar;Internal Auditor
Virginie;Lyokhin;Programmer Analyst III
Rutger;Mapis;Human Resources Manager
Bern;Wimpress;Recruiting Manager
Land;Cuff;Senior Financial Analyst
Nye;Elverstone;Senior Sales Associate
Mycah;Avison;Assistant Manager
Dode;Joost;Chief Design Engineer
Julita;Labbey;Junior Executive
Kipp;Macieiczyk;Help Desk Operator
Jilleen;Derdes;Nuclear Power Engineer
Lauritz;Slaten;Programmer Analyst I
Grove;Doleman;Clinical Specialist
Duane;Tuxsell;Accountant I
Georgianna;Caulton;Senior Sales Associate
Franny;Dallywater;Software Engineer II
Jasmine;Mersey;Health Coach II
Irving;Emanueli;Technical Writer
Salomon;Persey;Database Administrator I
Darbie;Getley;Systems Administrator I
Thia;Torrance;Programmer I
Bennie;Gaunt;Developer III
Gannon;King;Analog Circuit Design manager
Kary;Checcuzzi;Environmental Tech
Kathy;Assad;Chemical Engineer
Laryssa;Vlasyev;Civil Engineer
Marian;Clint;Graphic Designer
Ulric;Megson;Research Associate
Minta;Boord;Financial Advisor
Valeda;Acaster;Account Representative IV
Titos;Durling;Data Coordiator
Traver;Bendixen;Quality Engineer
Mada;Neat;Occupational Therapist
Sofia;Vaun;Nuclear Power Engineer
Royall;Meineken;Design Engineer
Margaux;Gawkes;Analyst Programmer
Illa;Phear;Marketing Assistant
Eve;Guilliland;Sales Associate
Courtney;Havis;Recruiting Manager
Ernest;Geerits;Paralegal
Tersina;Nanson;Software Test Engineer III
Georgette;Snoad;Research Associate
Case;Terrington;Payment Adjustment Coordinator
Klemens;Guilliatt;Sales Representative
Julina;Crofthwaite;Staff Scientist
Granville;Hansod;Director of Sales
Lindi;Godball;Account Coordinator
Zebulen;Querree;Recruiter
Nikolaus;Biaggioni;Assistant Manager
Rafaelita;Izkovici;Compensation Analyst
Mordy;Barroux;Quality Control Specialist
Catlee;Hamberstone;Help Desk Technician
Cleveland;Gandy;Human Resources Manager
Valentine;Propper;General Manager
Marylinda;Tyrer;Teacher
Stefano;Gluyas;Accountant IV
Sinclair;Pauley;Assistant Media Planner
Iain;Gutherson;Programmer Analyst II
Laura;Yarranton;Geological Engineer
Darcee;Erb;Tax Accountant
Liesa;Menendes;Physical Therapy Assistant
Say;Eagan;Community Outreach Specialist
Pacorro;Chezelle;Database Administrator II
Osmund;Cubbon;Marketing Assistant
Sharai;Sciacovelli;Software Test Engineer II
Jodee;Brangan;Geological Engineer
Monah;Whitbread;Quality Engineer
Dru;Doby;Financial Advisor
Collette;MacCrann;Pharmacist
Martie;Celes;Structural Engineer
Charmaine;Orteaux;Analyst Programmer
Felicle;Greves;Assistant Media Planner
Ogden;Dunge;Recruiter
Grenville;Baumler;Quality Control Specialist
Ingeborg;Wines;Budget/Accounting Analyst II
Carolina;Greenhill;Clinical Specialist
Aguste;Pinkard;Physical Therapy Assistant
Rozalin;Prendiville;Information Systems Manager
Ario;Rolfs;Project Manager
Donetta;De Brett;Geological Engineer
Joseito;Lyle;Geologist II
Berkly;Attenbrough;Pharmacist
Orlando;Werrilow;Junior Executive
Carolan;Enderson;Financial Analyst
Meade;Pepin;Financial Advisor
Carmine;Lissett;Data Coordiator
Thadeus;Lynthal;Pharmacist
Richy;Baxill;VP Product Management
Gallagher;Muck;Assistant Manager
Ethelyn;Breese;Accountant II
Gawain;Sewley;VP Accounting
Duff;Keal;Design Engineer
Leo;Vost;Senior Editor
Monah;Bathersby;Senior Sales Associate
Lillis;Rohmer;Systems Administrator I
Courtney;Noen;Developer II
Etta;Borland;Account Representative II
Charlie;Markova;Statistician II
Cosme;Bradshaw;Information Systems Manager
Andy;Cicchillo;Programmer II
Coral;Bruhnke;Database Administrator II
Odelle;Briatt;Operator
Melonie;Wilder;Quality Engineer
Dame;Hoffmann;Executive Secretary
Ruy;Belin;Research Assistant II
Valaree;Westall;Physical Therapy Assistant
Kath;Ferens;Electrical Engineer
Pasquale;Selesnick;Design Engineer
Stillman;Veldstra;Sales Associate
Arabel;Georges;Chemical Engineer
Brockie;Davidzon;Structural Analysis Engineer
Gregoor;Dudhill;Data Coordiator
Dawna;Farney;Physical Therapy Assistant
Aloisia;Fehner;Electrical Engineer
Gaspar;Eastridge;Senior Quality Engineer
Jaimie;Coverdill;Cost Accountant
Lindsy;Quogan;VP Accounting
Alverta;Baudains;Speech Pathologist
Allegra;Hedney;Information Systems Manager
Emelen;Gaythwaite;Research Assistant I
Tawnya;Hamlet;Cost Accountant
Madalyn;Storr;Compensation Analyst
Griff;Cruikshank;Environmental Tech
Gretal;Richardon;Financial Advisor
Shae;Thoumasson;Systems Administrator III
Livvyy;Liverock;Assistant Professor
Danice;Curtoys;VP Sales
Courtney;Scanlon;Safety Technician IV
Valle;Lownie;Account Executive
Flossie;Kaemena;Electrical Engineer
Dougy;Arnauduc;Web Designer III
Trula;Capstaff;Accountant III
Ernestus;Di Ruggero;Web Designer III
Lucila;Blowers;Database Administrator III
Allister;Crick;Tax Accountant
Wilton;Housin;GIS Technical Architect
Karisa;Luparti;Accountant IV
Bernetta;Quemby;Dental Hygienist
Hoyt;Elliff;Nurse Practicioner
Regen;Mitten;Project Manager
Camey;Jencken;Speech Pathologist
Christen;Connichie;Research Assistant IV
Ruth;Brennans;General Manager
Ursola;Sign;Research Assistant II
Kamila;Challener;Office Assistant I
Allison;Sissel;Account Coordinator
Brandise;Jailler;Staff Scientist
Brandea;Ibanez;Teacher
Gaylor;Rainsbury;Safety Technician I
Renard;Blofeld;Biostatistician I
Cale;Congrave;Professor
Myrtice;Crellin;Software Consultant
Brittaney;McGing;VP Product Management
Xever;Zuenelli;Electrical Engineer
Sylvester;Lightewood;Biostatistician I
Maisey;Leverington;Marketing Assistant
Nap;Perri;Nurse Practicioner
Glendon;Checketts;Actuary
Margery;Oddie;Automation Specialist II
Doll;Blumsom;Accounting Assistant IV
Deb;Kordova;Graphic Designer
Merrie;Kindred;Nuclear Power Engineer
Kerk;Offin;Accounting Assistant IV
Tanney;Filipchikov;Software Engineer I
Marianna;Chatto;Chief Design Engineer
Skippie;Echalier;Staff Scientist
Obidiah;Baddam;GIS Technical Architect
Hoebart;Giblin;Software Test Engineer II
Christi;Kiefer;Design Engineer
Fabien;Broader;Professor
Koral;Bloxam;Geological Engineer
Marius;Chaulk;Nurse
Ellis;Egginson;Administrative Officer
Irv;McNae;Database Administrator III
Margo;Alcott;Associate Professor
Seamus;Pratchett;Civil Engineer
Hyacinthie;Bondar;Mechanical Systems Engineer
Dewitt;Kroger;Design Engineer
Jennine;Beazey;Operator
Tabby;Simkovitz;Account Representative I
Gerrie;Downgate;Legal Assistant
Marmaduke;Perrycost;Assistant Media Planner
Staci;Hackforth;Environmental Specialist
Clayton;Jearum;Associate Professor
Myrtice;McVity;VP Quality Control
Bertie;Safont;Registered Nurse
Colin;Flaonier;Human Resources Manager
Elonore;Maywood;Staff Scientist
Shem;Tabbernor;Executive Secretary
Lorene;Raubenheimers;Paralegal
Doyle;Compston;Assistant Professor
Tammara;Benthall;Design Engineer
Raimondo;Benn;Recruiting Manager
Kennedy;Borgnol;Help Desk Technician
Tine;Beswetherick;Quality Control Specialist
Nessie;Hazlegrove;Project Manager
Brigit;Burree;Health Coach III
Bran;Bentick;Systems Administrator IV
Judas;Langfat;Professor
Coreen;Carn;Environmental Tech
Cornie;Robbe;Senior Developer
Rasia;Vautre;VP Accounting
Christye;Carlsson;Recruiting Manager
Oliviero;Philpott;Registered Nurse
Allister;Harg;Civil Engineer
Nessi;Ferrier;GIS Technical Architect
Emily;Tunaclift;Web Designer IV
Conrado;Roux;Pharmacist
Bram;Lambricht;VP Marketing
Malena;Rivalland;Financial Analyst
Anetta;Brash;Software Test Engineer III
Lothario;Stilly;Assistant Manager
Marmaduke;Weightman;Physical Therapy Assistant
Wilbur;Jerram;Sales Associate
Hamlen;Dash;Technical Writer
Thorin;Glendenning;Programmer II
Fanny;Stodit;Accountant I
Willy;Sporle;Programmer I
Had;Rickford;Research Nurse
Heinrick;Pratten;Administrative Assistant II
Marlena;Kuhnwald;Budget/Accounting Analyst I
Rollins;Blasl;VP Quality Control
Tamma;Stuckford;Librarian
Sayers;Inwood;Health Coach I
Bel;Kobierzycki;Human Resources Manager
Tierney;Castiblanco;Occupational Therapist
Cora;Wincer;Associate Professor
Hannie;Camblin;Programmer Analyst I
Rip;Stores;Staff Scientist
Nelia;Haggas;Software Test Engineer I
Chrystal;Trenoweth;Civil Engineer
Carol-jean;Gommery;Programmer Analyst IV
Osbert;Gilbart;VP Quality Control
Dinah;Skarman;Account Executive
Melly;Emig;Systems Administrator IV
Elnar;Marzelli;Financial Analyst
Grant;Mantripp;Junior Executive
Pamelina;Dallyn;Operator
Eamon;Schiementz;GIS Technical Architect
Yvor;Dean;Human Resources Assistant I
Kay;Mullaly;Director of Sales
Myrtice;Gayforth;Staff Scientist
Ondrea;Cosely;Budget/Accounting Analyst III
Jenn;Siveter;Research Associate
Inga;Stoneham;Administrative Officer
Fin;Duddy;Marketing Assistant
Lenard;Syrie;Biostatistician I
Kalie;Highton;Statistician IV
Barbey;Trase;Marketing Assistant
Erma;Culley;Accounting Assistant III
Steffane;Lehrer;Librarian
Tybi;Thurstan;Database Administrator IV
Danice;Judgkins;Civil Engineer
Alexandro;Doers;Technical Writer
Cora;Mayall;Software Consultant
Chris;Seeviour;Human Resources Manager
Tabbie;Spall;Assistant Manager
Malcolm;Sesons;Structural Analysis Engineer
Marlena;Heymes;Registered Nurse
Lorry;De Malchar;Senior Developer
Vivia;Rubinowitch;Database Administrator I
Rheba;Wych;Quality Engineer
Adler;Berrill;VP Sales
Elias;Holbie;Chemical Engineer
Brenden;Manifold;GIS Technical Architect
Hanan;Geach;Help Desk Operator
Halley;Havill;Software Engineer I
Starr;Birmingham;Senior Quality Engineer
Britta;Beetham;Community Outreach Specialist
Karlie;Muat;Assistant Professor
Karole;Itzcovich;Dental Hygienist
Brew;Timmens;Financial Analyst
Marys;Garrison;Physical Therapy Assistant
Tod;Menear;Account Representative III
Garth;Gerrelt;Associate Professor
Scot;Francescotti;Legal Assistant
Chery;Shackell;Recruiting Manager
Paulita;Meus;Tax Accountant
Letta;Votier;Nuclear Power Engineer
Genny;Wardall;Social Worker
Paloma;Baert;Human Resources Assistant II
Anestassia;Nielson;Recruiting Manager
Chuck;Verecker;Marketing Assistant
Nicola;Bestwick;Quality Engineer
Eada;Wittman;Computer Systems Analyst IV
Cody;Mulvany;Product Engineer
Ondrea;Michell;Senior Developer
Marylynne;Moggie;Engineer III
Lowell;Wasteney;Actuary
Merna;Pablos;Librarian
Ervin;Shuttle;Teacher
Oates;Folliss;Information Systems Manager
Ennis;Leguey;Graphic Designer
Maureene;Joron;Internal Auditor
Madelene;Bramich;Programmer Analyst I
Benedetto;Purselowe;Web Designer II
Darrick;Spillett;Help Desk Technician
Cletis;Fenn;Editor
Kala;Gittus;Account Representative III
Marshal;Awcoate;Safety Technician IV
Rosemaria;Clemmens;Senior Sales Associate
Filberte;Van der Son;Mechanical Systems Engineer
Katharina;Flemmich;Engineer II
Junia;Talboy;Senior Editor
Peta;Weatherhill;Research Nurse
Tracey;Lantaph;Dental Hygienist
Carly;Binch;Programmer Analyst IV
Esme;Bernardez;Speech Pathologist
Adriano;Eymor;Quality Control Specialist
Jarrod;Paddington;Civil Engineer
Brad;Wiffield;Compensation Analyst
Haskell;Waddingham;VP Sales
Melisenda;Liccardi;Nurse
Tadio;Schowenburg;Assistant Media Planner
Spike;Stutely;Developer I
Audrey;Rubinfajn;Environmental Tech
Dawna;Giacomoni;Legal Assistant
Carmita;Taggerty;Administrative Assistant II
Fancie;Fishpond;Dental Hygienist
Edith;Broadbridge;Actuary
Astrid;Plumley;Software Test Engineer I
Benjamin;Crayden;VP Sales
