projNo,projName
1,Greenlam
2,Domainer
3,Asoka
4,Subin
5,Home Ing
6,Transcof
7,Overhold
8,Prodder
9,Wrapsafe
10,Sonair
11,Quo Lux
12,Lotstring
13,Quo Lux
14,Cardify
15,Bamity
16,Zaam-Dox
17,Ronstring
18,Alpha
19,Tampflex
20,Stim
21,Redhold
22,Asoka
23,Cardify
24,Mat Lam Tam
25,Cardify
26,Job
27,Home Ing
28,Mat Lam Tam
29,Matsoft
30,Subin
31,Alpha
32,Mat Lam Tam
33,Quo Lux
34,Wrapsafe
35,Subin
36,Bytecard
37,Flexidy
38,Alpha
39,Zathin
40,Redhold
41,Otcom
42,Span
43,Regrant
44,Ventosanzap
45,Tresom
46,Stim
47,Tresom
48,Sonair
49,Tampflex
50,Y-Solowarm
51,Voyatouch
52,Hatity
53,Alpha
54,Konklab
55,It
56,Flexidy
57,Duobam
58,Hatity
59,Subin
60,Holdlamis
61,Gembucket
62,Ronstring
63,Subin
64,Gembucket
65,Redhold
66,Redhold
67,Andalax
68,Bamity
69,Overhold
70,It
71,Home Ing
72,Keylex
73,It
74,Zathin
75,Tin
76,Temp
77,Viva
78,Bigtax
79,Tin
80,Prodder
81,Span
82,Asoka
83,Zamit
84,Zoolab
85,Mat Lam Tam
86,Sonsing
87,Ventosanzap
88,Keylex
89,Otcom
90,Ronstring
91,Solarbreeze
92,Stim
93,Redhold
94,Daltfresh
95,Holdlamis
96,Bitchip
97,Opela
98,Solarbreeze
99,Zamit
100,Temp
101,Sonsing
102,Zoolab
103,Y-find
104,Holdlamis
105,Fix San
106,Regrant
107,Keylex
108,Tresom
109,Biodex
110,Opela
111,Asoka
112,Regrant
113,Bytecard
114,Fintone
115,Home Ing
116,Ventosanzap
117,Cookley
118,Zamit
119,Stringtough
120,Ventosanzap
121,Zontrax
122,Trippledex
123,Stringtough
124,Flexidy
125,Flowdesk
126,Toughjoyfax
127,Subin
128,Zontrax
129,Y-find
130,Cardguard
131,Asoka
132,Voltsillam
133,Sonsing
134,Alpha
135,Sonsing
136,Lotlux
137,Subin
138,Y-find
139,Tempsoft
140,Tampflex
141,Zaam-Dox
142,Greenlam
143,Rank
144,Biodex
145,Bytecard
146,Y-Solowarm
147,Lotlux
148,Cardguard
149,Andalax
150,Hatity
151,Opela
152,Wrapsafe
153,Y-Solowarm
154,Bitwolf
155,Y-Solowarm
156,Pannier
157,Alpha
158,Fixflex
159,Daltfresh
160,Regrant
161,Konklab
162,Duobam
163,Cardguard
164,Greenlam
165,Y-Solowarm
166,Gembucket
167,Keylex
168,Tampflex
169,Asoka
170,Andalax
171,Temp
172,Alpha
173,Zaam-Dox
174,Cardify
175,Hatity
176,Wrapsafe
177,Bitwolf
178,Transcof
179,Temp
180,Hatity
181,Bamity
182,Sonair
183,Bitwolf
184,Job
185,Keylex
186,Ronstring
187,Bigtax
188,Domainer
189,Konklux
190,Opela
191,Rank
192,Tres-Zap
193,Domainer
194,Lotlux
195,Bitwolf
196,Regrant
197,Fintone
198,Span
199,Pannier
200,Treeflex
201,Latlux
202,Prodder
203,Temp
204,Y-Solowarm
205,Aerified
206,Andalax
207,Temp
208,Keylex
209,Holdlamis
210,Latlux
211,Veribet
212,Kanlam
213,Tempsoft
214,Kanlam
215,Subin
216,Duobam
217,Tampflex
218,Lotlux
219,Vagram
220,Bytecard
221,Tresom
222,Flowdesk
223,It
224,Rank
225,Keylex
226,Sub-Ex
227,Keylex
228,Stringtough
229,Zontrax
230,Asoka
231,Voltsillam
232,Alphazap
233,Stringtough
234,Kanlam
235,Transcof
236,Keylex
237,Fintone
238,Cookley
239,Namfix
240,Opela
241,Regrant
242,Greenlam
243,Domainer
244,Tempsoft
245,Overhold
246,Hatity
247,Wrapsafe
248,Temp
249,Voyatouch
250,Y-find
251,Zathin
252,Matsoft
253,Prodder
254,Kanlam
255,Latlux
256,Fintone
257,Bitchip
258,Hatity
259,Zamit
260,Regrant
261,Regrant
262,Domainer
263,Viva
264,Quo Lux
265,Stronghold
266,Transcof
267,Andalax
268,Quo Lux
269,Kanlam
270,Ventosanzap
271,Tin
272,Mat Lam Tam
273,Job
274,It
275,Asoka
276,Greenlam
277,Flowdesk
278,Flexidy
279,Voltsillam
280,Veribet
281,Redhold
282,Stronghold
283,Stronghold
284,Alphazap
285,Alpha
286,Home Ing
287,Flexidy
288,Solarbreeze
289,Opela
290,Ventosanzap
291,Zoolab
292,Cardguard
293,Latlux
294,Y-Solowarm
295,Treeflex
296,Asoka
297,It
298,Subin
299,Zathin
300,Bytecard
301,Voltsillam
302,Solarbreeze
303,Tresom
304,Alpha
305,Namfix
306,Latlux
307,Tres-Zap
308,Sonair
309,Greenlam
310,Fintone
311,Stim
312,Sonair
313,Cookley
314,Biodex
315,Sonsing
316,Biodex
317,Fixflex
318,Bytecard
319,Y-find
320,Fintone
321,Sonair
322,Konklux
323,Treeflex
324,Andalax
325,Tresom
326,Andalax
327,Holdlamis
328,Duobam
329,Namfix
330,Bytecard
331,Cardguard
332,Bytecard
333,Regrant
334,Bamity
335,Daltfresh
336,Y-Solowarm
337,Biodex
338,Y-Solowarm
339,Trippledex
340,Home Ing
341,Konklab
342,Flowdesk
343,Span
344,Regrant
345,Bamity
346,Viva
347,Konklux
348,Gembucket
349,Y-Solowarm
350,Keylex
351,Treeflex
352,It
353,Span
354,Sonsing
355,Veribet
356,Trippledex
357,Asoka
358,Flowdesk
359,Domainer
360,Alpha
361,Domainer
362,Ronstring
363,Bigtax
364,Tempsoft
365,Cookley
366,Ronstring
367,Namfix
368,Flexidy
369,Duobam
370,Aerified
371,Fix San
372,Alpha
373,Cookley
374,Greenlam
375,Vagram
376,Veribet
377,Sonsing
378,Fixflex
379,Temp
380,Fix San
381,Fintone
382,Viva
383,Bitwolf
384,Bitwolf
385,Zaam-Dox
386,Temp
387,Stim
388,Pannier
389,Holdlamis
390,Bitchip
391,Lotstring
392,Pannier
393,Bytecard
394,Trippledex
395,Veribet
396,Cardguard
397,Domainer
398,Bitchip
399,Redhold
400,Holdlamis
401,Toughjoyfax
402,Bytecard
403,Transcof
404,Opela
405,Asoka
406,Transcof
407,Namfix
408,Zathin
409,Voyatouch
410,Rank
411,Zaam-Dox
412,Bytecard
413,Ventosanzap
414,Solarbreeze
415,Sub-Ex
416,Andalax
417,Greenlam
418,Vagram
419,Bytecard
420,Cardify
421,Voltsillam
422,Wrapsafe
423,Fixflex
424,Cardify
425,Rank
426,Daltfresh
427,Fintone
428,Transcof
429,Otcom
430,Tin
431,Mat Lam Tam
432,Aerified
433,Tin
434,Andalax
435,Gembucket
436,Hatity
437,Biodex
438,Latlux
439,Bigtax
440,Keylex
441,Quo Lux
442,Zaam-Dox
443,Domainer
444,Quo Lux
445,Cardify
446,Span
447,Fintone
448,Ronstring
449,Hatity
450,Keylex
451,Stronghold
452,Bitchip
453,Asoka
454,Home Ing
455,Sonsing
456,Duobam
457,Prodder
458,Quo Lux
459,Holdlamis
460,Alphazap
461,Fixflex
462,Span
463,Tampflex
464,Tres-Zap
465,Keylex
466,Stringtough
467,Asoka
468,Otcom
469,Rank
470,Gembucket
471,Mat Lam Tam
472,Voyatouch
473,Keylex
474,Alphazap
475,Zoolab
476,Fixflex
477,Opela
478,Temp
479,Overhold
480,Tampflex
481,Holdlamis
482,Zaam-Dox
483,Matsoft
484,Tempsoft
485,Zamit
486,Alphazap
487,Stronghold
488,Wrapsafe
489,Pannier
490,Fintone
491,Kanlam
492,Cookley
493,Namfix
494,Bitwolf
495,Sonair
496,Sub-Ex
497,Hatity
498,Regrant
499,Fixflex
500,Veribet
501,Konklab
502,Ventosanzap
503,Zontrax
504,Zoolab
505,Vagram
506,Biodex
507,Zontrax
508,Lotstring
509,Konklux
510,Job
511,Stim
512,Namfix
513,Regrant
514,It
515,Rank
516,Voltsillam
517,Alphazap
518,Stronghold
519,Keylex
520,Fintone
521,Cookley
522,Bitchip
523,Biodex
524,Stim
525,Alphazap
526,Gembucket
527,Sonsing
528,Ronstring
529,Cardguard
530,Mat Lam Tam
531,Fintone
532,Quo Lux
533,Zathin
534,Rank
535,Kanlam
536,Daltfresh
537,Pannier
538,Lotlux
539,Toughjoyfax
540,Toughjoyfax
541,Fintone
542,Zathin
543,Biodex
544,Tampflex
545,Daltfresh
546,Ventosanzap
547,Cookley
548,Mat Lam Tam
549,Tin
550,Pannier
551,Ronstring
552,Bitwolf
553,Gembucket
554,Otcom
555,Transcof
556,Flexidy
557,Voltsillam
558,Sonair
559,Job
560,Stronghold
561,Ventosanzap
562,Cardify
563,Mat Lam Tam
564,Domainer
565,Keylex
566,Mat Lam Tam
567,Opela
568,Zamit
569,Bigtax
570,Sonair
571,Zontrax
572,Stim
573,Redhold
574,Alpha
575,Sonair
576,Daltfresh
577,Lotlux
578,Andalax
579,Keylex
580,Lotstring
581,Temp
582,Konklab
583,Andalax
584,Veribet
585,Kanlam
586,Overhold
587,Lotstring
588,Stim
589,Holdlamis
590,It
591,Redhold
592,Domainer
593,Solarbreeze
594,It
595,Otcom
596,Temp
597,Solarbreeze
598,Sonsing
599,Veribet
600,Zamit
601,Asoka
602,Zoolab
603,Tempsoft
604,Zamit
605,Voyatouch
606,Cardify
607,Temp
608,Span
609,Ventosanzap
610,Cardify
611,Voyatouch
612,Zamit
613,Matsoft
614,Stronghold
615,Daltfresh
616,Bytecard
617,Tampflex
618,Lotlux
619,Fintone
620,Zontrax
621,Duobam
622,Konklux
623,Zamit
624,Tresom
625,Flexidy
626,Overhold
627,Quo Lux
628,Tempsoft
629,Sub-Ex
630,Bitwolf
631,Tres-Zap
632,Mat Lam Tam
633,Duobam
634,Zaam-Dox
635,Vagram
636,Hatity
637,Tresom
638,Opela
639,Pannier
640,Wrapsafe
641,Span
642,Prodder
643,Cardguard
644,Cardify
645,Stringtough
646,Solarbreeze
647,Y-Solowarm
648,Lotlux
649,Treeflex
650,Tin
651,Lotlux
652,Biodex
653,Sub-Ex
654,Cardify
655,Keylex
656,Y-find
657,It
658,Alphazap
659,Cardify
660,Ronstring
661,Alphazap
662,Regrant
663,Cardguard
664,Regrant
665,Stim
666,Lotstring
667,Stronghold
668,Zathin
669,Sub-Ex
670,Hatity
671,Transcof
672,Prodder
673,Andalax
674,Bitwolf
675,Prodder
676,Rank
677,Fintone
678,Tempsoft
679,Viva
680,Biodex
681,Greenlam
682,Fintone
683,Greenlam
684,Domainer
685,Temp
686,Sub-Ex
687,Flexidy
688,Zamit
689,Transcof
690,Pannier
691,Overhold
692,Tres-Zap
693,Zontrax
694,Home Ing
695,Opela
696,Flowdesk
697,Cardguard
698,Gembucket
699,Bitwolf
700,Fintone
701,Y-find
702,Redhold
703,Ronstring
704,Kanlam
705,Viva
706,Job
707,Asoka
708,Quo Lux
709,Quo Lux
710,Sonair
711,Stim
712,Aerified
713,Holdlamis
714,Bamity
715,Stronghold
716,Quo Lux
717,Tin
718,Biodex
719,Mat Lam Tam
720,Treeflex
721,Y-find
722,Tampflex
723,Job
724,Rank
725,Fixflex
726,Flowdesk
727,Zontrax
728,Treeflex
729,Lotstring
730,Holdlamis
731,Sonair
732,Otcom
733,Namfix
734,Vagram
735,Sonsing
736,Pannier
737,Zaam-Dox
738,Voyatouch
739,Zontrax
740,Vagram
741,Aerified
742,Wrapsafe
743,Overhold
744,Gembucket
745,Toughjoyfax
746,Zoolab
747,Vagram
748,Greenlam
749,Vagram
750,It
751,Wrapsafe
752,Aerified
753,Cardify
754,Ventosanzap
755,Daltfresh
756,Namfix
757,Fix San
758,Veribet
759,Stronghold
760,Bamity
761,Job
762,Fix San
763,Holdlamis
764,Duobam
765,Stringtough
766,Matsoft
767,Zoolab
768,Domainer
769,Y-find
770,Pannier
771,Sub-Ex
772,Temp
773,Aerified
774,Domainer
775,Alpha
776,Sonair
777,Holdlamis
778,Subin
779,Biodex
780,Bamity
781,Daltfresh
782,Hatity
783,Stringtough
784,Asoka
785,Greenlam
786,Tres-Zap
787,Fix San
788,Bitwolf
789,Kanlam
790,Konklux
791,Bytecard
792,Solarbreeze
793,Vagram
794,Y-find
795,Otcom
796,It
797,Flowdesk
798,Y-find
799,Flexidy
800,Biodex
801,Zathin
802,Tresom
803,Zontrax
804,Otcom
805,Quo Lux
806,Vagram
807,Tres-Zap
808,Hatity
809,Ronstring
810,Transcof
811,Ventosanzap
812,Lotlux
813,Aerified
814,Aerified
815,Pannier
816,Wrapsafe
817,Solarbreeze
818,Latlux
819,Stronghold
820,Viva
821,Lotstring
822,Fix San
823,Zamit
824,Sonair
825,Lotlux
826,Tresom
827,Mat Lam Tam
828,Stim
829,Home Ing
830,Stringtough
831,Cardify
832,It
833,Gembucket
834,Lotstring
835,Lotstring
836,Duobam
837,Greenlam
838,Bitchip
839,Trippledex
840,Flexidy
841,Cardify
842,Duobam
843,Namfix
844,Zaam-Dox
845,Asoka
846,Domainer
847,Treeflex
848,Solarbreeze
849,Overhold
850,Asoka
851,Gembucket
852,Prodder
853,Zamit
854,Namfix
855,Ventosanzap
856,Sonair
857,Sonsing
858,Konklux
859,Opela
860,Viva
861,Tres-Zap
862,Tresom
863,Fintone
864,Alphazap
865,Namfix
866,Voyatouch
867,Voyatouch
868,Zamit
869,Temp
870,Hatity
871,Fix San
872,Quo Lux
873,Domainer
874,Rank
875,Vagram
876,Kanlam
877,Kanlam
878,Prodder
879,Hatity
880,Bitwolf
881,Konklab
882,Tampflex
883,Stim
884,Zathin
885,Alphazap
886,Asoka
887,Regrant
888,Rank
889,Bitwolf
890,Subin
891,Home Ing
892,Veribet
893,Overhold
894,Sonsing
895,Zoolab
896,Asoka
897,Konklux
898,Bytecard
899,Ventosanzap
900,Subin
901,Otcom
902,Ronstring
903,Biodex
904,Gembucket
905,Opela
906,Bamity
907,Bitchip
908,Toughjoyfax
909,Aerified
910,Tampflex
911,Alpha
912,Cookley
913,Bamity
914,Sonsing
915,Stronghold
916,Zamit
917,Sonsing
918,Quo Lux
919,Alpha
920,Ventosanzap
921,Mat Lam Tam
922,Keylex
923,Job
924,Domainer
925,Zamit
926,Konklab
927,Zontrax
928,Cardify
929,Subin
930,Redhold
931,Voltsillam
932,Opela
933,Holdlamis
934,Cardguard
935,Tresom
936,Bigtax
937,Fintone
938,Hatity
939,Matsoft
940,Flexidy
941,Wrapsafe
942,Flowdesk
943,Bitchip
944,Zontrax
945,Gembucket
946,Fixflex
947,Duobam
948,Flexidy
949,Matsoft
950,Greenlam
951,Stronghold
952,Matsoft
953,Bitchip
954,Y-find
955,Daltfresh
956,Zaam-Dox
957,Home Ing
958,Holdlamis
959,Tampflex
960,Quo Lux
961,Ronstring
962,Tempsoft
963,Konklux
964,Alpha
965,Keylex
966,Span
967,Sonsing
968,Matsoft
969,Bytecard
970,Ronstring
971,Overhold
972,Greenlam
973,Home Ing
974,Voyatouch
975,Zathin
976,Regrant
977,Bytecard
978,Fintone
979,Flowdesk
980,Gembucket
981,Opela
982,Bamity
983,Lotstring
984,Zoolab
985,Matsoft
986,Zoolab
987,Zathin
988,Stronghold
989,Wrapsafe
990,Veribet
991,Daltfresh
992,Bigtax
993,Konklux
994,Zontrax
995,Alphazap
996,Stronghold
997,Cardguard
998,Toughjoyfax
999,Konklab
1000,Biodex
